{"train/epoch":0.04372221817386869,"eval/samples_per_second":4.251,"_timestamp":1.7316570864808962e+09,"_step":11,"eval/loss":7.524230480194092,"eval/steps_per_second":1.097,"train/global_step":600,"train/grad_norm":2.8660996642473675,"_wandb":{"runtime":2659},"train/learning_rate":0.0003,"eval/runtime":21.8771,"_runtime":2336.887124242,"train/loss":7.6287}